invoice_id,customer,invoice_date,amount,payment_terms_days,due_date,payment_date,paid_late
INV10289,Cosmo Retail,2024-01-01,4166.87,30,2024-01-31,2024-02-18,Yes
INV10185,Beta Logistics,2024-01-02,2381.4,30,2024-02-01,2024-02-06,Yes
INV10572,Iris Design,2024-01-04,2378.9,60,2024-03-04,2024-01-21,No
INV10328,Jade Marine,2024-01-04,15276.17,45,2024-02-18,2024-02-17,No
INV10275,Delta Foods,2024-01-06,6758.23,30,2024-02-05,2024-01-26,No
INV10210,Jade Marine,2024-01-09,5866.53,30,2024-02-08,2024-01-16,No
INV10052,Jade Marine,2024-01-10,5236.5,30,2024-02-09,2024-02-03,No
INV10391,Horizon Pharma,2024-01-12,7571.13,45,2024-02-26,2024-02-05,No
INV10199,Delta Foods,2024-01-14,2006.43,60,2024-03-14,2024-03-05,No
INV10261,Delta Foods,2024-01-14,13488.78,60,2024-03-14,2024-02-24,No
INV10472,Beta Logistics,2024-01-15,3136.68,60,2024-03-15,2024-02-26,No
INV10022,Delta Foods,2024-01-16,2127.95,30,2024-02-15,2024-02-19,Yes
INV10508,Delta Foods,2024-01-16,5226.55,60,2024-03-16,2024-04-09,Yes
INV10474,Iris Design,2024-01-16,6472.8,30,2024-02-15,2024-01-21,No
INV10267,Falcon Media,2024-01-17,4909.98,45,2024-03-02,2024-02-13,No
INV10148,Cosmo Retail,2024-01-18,7214.87,45,2024-03-03,2024-01-22,No
INV10329,Alpha Trading,2024-01-19,1075.53,45,2024-03-04,2024-01-31,No
INV10163,Falcon Media,2024-01-21,3684.36,60,2024-03-21,2024-02-26,No
INV10018,Grand Hotels,2024-01-22,8960.52,45,2024-03-07,2024-02-17,No
INV10518,Beta Logistics,2024-01-22,8232.01,45,2024-03-07,2024-02-19,No
INV10503,Evergreen Tech,2024-01-23,1923.21,60,2024-03-23,2024-02-16,No
INV10414,Cosmo Retail,2024-01-25,5077.58,30,2024-02-24,2024-02-20,No
INV10106,Jade Marine,2024-01-26,8783.79,30,2024-02-25,2024-02-25,No
INV10404,Iris Design,2024-01-28,4415.52,30,2024-02-27,2024-02-21,No
INV10032,Horizon Pharma,2024-01-30,8818.24,30,2024-02-29,2024-03-20,Yes
INV10510,Horizon Pharma,2024-01-30,6659.55,45,2024-03-15,2024-04-02,Yes
INV10071,Falcon Media,2024-01-31,35237.24,45,2024-03-16,2024-03-24,Yes
INV10480,Horizon Pharma,2024-02-02,3569.69,30,2024-03-03,2024-03-17,Yes
INV10301,Falcon Media,2024-02-04,1292.47,60,2024-04-04,2024-04-28,Yes
INV10205,Horizon Pharma,2024-02-05,7029.39,45,2024-03-21,2024-02-24,No
INV10432,Iris Design,2024-02-05,4408.66,45,2024-03-21,2024-02-17,No
INV10069,Iris Design,2024-02-07,9985.62,45,2024-03-23,2024-04-16,Yes
INV10585,Iris Design,2024-02-09,710.61,45,2024-03-25,2024-04-28,Yes
INV10397,Horizon Pharma,2024-02-10,3805.38,45,2024-03-26,2024-02-13,No
INV10562,Delta Foods,2024-02-11,8546.49,60,2024-04-11,2024-03-17,No
INV10307,Evergreen Tech,2024-02-11,19386.64,45,2024-03-27,2024-04-05,Yes
INV10250,Iris Design,2024-02-13,5035.3,45,2024-03-29,2024-04-16,Yes
INV10360,Jade Marine,2024-02-14,7992.58,30,2024-03-15,2024-03-10,No
INV10547,Alpha Trading,2024-02-17,4701.06,45,2024-04-02,2024-03-10,No
INV10497,Delta Foods,2024-02-19,5112.73,45,2024-04-04,2024-04-23,Yes
INV10455,Beta Logistics,2024-02-20,892.96,45,2024-04-05,2024-03-13,No
INV10229,Falcon Media,2024-02-20,11748.29,45,2024-04-05,2024-03-30,No
INV10441,Alpha Trading,2024-02-21,2544.35,30,2024-03-22,2024-03-19,No
INV10490,Horizon Pharma,2024-02-22,1280.42,60,2024-04-22,2024-03-10,No
INV10488,Horizon Pharma,2024-02-24,11307.42,30,2024-03-25,2024-02-29,No
INV10356,Horizon Pharma,2024-02-24,2588.73,45,2024-04-09,2024-03-05,No
INV10405,Horizon Pharma,2024-03-03,1580.29,30,2024-04-02,2024-03-22,No
INV10530,Delta Foods,2024-03-03,2191.69,45,2024-04-17,2024-04-16,No
INV10440,Beta Logistics,2024-03-04,3090.56,30,2024-04-03,2024-03-31,No
INV10363,Beta Logistics,2024-03-04,9865.94,45,2024-04-18,2024-04-08,No
INV10514,Alpha Trading,2024-03-04,6861.09,45,2024-04-18,2024-03-30,No
INV10260,Iris Design,2024-03-05,3780.5,30,2024-04-04,2024-03-15,No
INV10292,Alpha Trading,2024-03-05,12111.5,45,2024-04-19,2024-05-05,Yes
INV10211,Jade Marine,2024-03-06,3709.32,60,2024-05-05,2024-03-13,No
INV10002,Cosmo Retail,2024-03-06,5374.86,45,2024-04-20,2024-03-08,No
INV10351,Beta Logistics,2024-03-07,9621.1,60,2024-05-06,2024-03-15,No
INV10085,Grand Hotels,2024-03-07,8197.15,45,2024-04-21,2024-03-20,No
INV10230,Evergreen Tech,2024-03-08,2743.18,60,2024-05-07,2024-03-18,No
INV10342,Beta Logistics,2024-03-08,5937.64,45,2024-04-22,2024-03-11,No
INV10028,Alpha Trading,2024-03-08,8850.38,45,2024-04-22,2024-03-13,No
INV10537,Delta Foods,2024-03-09,6459.57,60,2024-05-08,2024-05-19,Yes
INV10217,Falcon Media,2024-03-10,17786.07,30,2024-04-09,2024-04-17,Yes
INV10181,Horizon Pharma,2024-03-13,968.5,30,2024-04-12,2024-04-14,Yes
INV10033,Grand Hotels,2024-03-13,3140.62,30,2024-04-12,2024-03-26,No
INV10319,Jade Marine,2024-03-13,2438.4,60,2024-05-12,2024-03-22,No
INV10216,Evergreen Tech,2024-03-14,2901.48,60,2024-05-13,2024-03-20,No
INV10041,Delta Foods,2024-03-16,2144.24,45,2024-04-30,2024-06-05,Yes
INV10504,Horizon Pharma,2024-03-17,14802.6,45,2024-05-01,2024-05-01,No
INV10192,Beta Logistics,2024-03-18,9909.23,60,2024-05-17,2024-04-10,No
INV10183,Iris Design,2024-03-19,10243.73,45,2024-05-03,2024-04-16,No
INV10068,Evergreen Tech,2024-03-21,4078.68,45,2024-05-05,2024-05-05,No
INV10128,Alpha Trading,2024-03-22,10505.99,30,2024-04-21,2024-04-24,Yes
INV10091,Iris Design,2024-03-24,13810.22,60,2024-05-23,2024-05-16,No
INV10243,Delta Foods,2024-03-24,9140.55,30,2024-04-23,2024-05-29,Yes
INV10548,Delta Foods,2024-03-24,5750.3,45,2024-05-08,2024-06-14,Yes
INV10295,Jade Marine,2024-03-24,3755.69,60,2024-05-23,2024-05-27,Yes
INV10049,Alpha Trading,2024-03-26,4334.39,30,2024-04-25,2024-04-01,No
INV10053,Jade Marine,2024-03-26,2723.68,30,2024-04-25,2024-04-10,No
INV10597,Falcon Media,2024-03-27,7754.89,45,2024-05-11,2024-04-17,No
INV10201,Cosmo Retail,2024-03-29,2286.03,60,2024-05-28,2024-05-20,No
INV10382,Delta Foods,2024-03-30,2321.13,60,2024-05-29,2024-06-20,Yes
INV10003,Falcon Media,2024-03-30,9095.9,60,2024-05-29,2024-05-02,No
INV10010,Evergreen Tech,2024-03-31,2759.66,60,2024-05-30,2024-05-02,No
INV10055,Iris Design,2024-04-01,6918.54,45,2024-05-16,2024-05-21,Yes
INV10592,Falcon Media,2024-04-03,2613.7,45,2024-05-18,2024-06-15,Yes
INV10119,Jade Marine,2024-04-03,10439.67,60,2024-06-02,2024-05-17,No
INV10279,Jade Marine,2024-04-06,5132.47,45,2024-05-21,2024-04-16,No
INV10086,Horizon Pharma,2024-04-06,3419.34,60,2024-06-05,2024-04-09,No
INV10276,Cosmo Retail,2024-04-06,2252.44,60,2024-06-05,2024-04-20,No
INV10039,Falcon Media,2024-04-08,1521.91,30,2024-05-08,2024-04-22,No
INV10116,Evergreen Tech,2024-04-11,3866.29,30,2024-05-11,2024-04-13,No
INV10066,Delta Foods,2024-04-12,2463.16,30,2024-05-12,2024-06-14,Yes
INV10212,Evergreen Tech,2024-04-14,3509.16,45,2024-05-29,2024-04-16,No
INV10593,Evergreen Tech,2024-04-15,3483.95,45,2024-05-30,2024-05-30,No
INV10496,Falcon Media,2024-04-15,2902.96,45,2024-05-30,2024-06-03,Yes
INV10246,Iris Design,2024-04-17,2178.3,60,2024-06-16,2024-07-22,Yes
INV10288,Delta Foods,2024-04-17,2460.11,30,2024-05-17,2024-06-07,Yes
INV10445,Evergreen Tech,2024-04-17,7006.6,60,2024-06-16,2024-06-02,No
INV10008,Falcon Media,2024-04-18,22007.82,60,2024-06-17,2024-05-08,No
INV10111,Evergreen Tech,2024-04-18,2639.4,60,2024-06-17,2024-05-04,No
INV10348,Jade Marine,2024-04-19,3446.2,60,2024-06-18,2024-05-17,No
INV10550,Evergreen Tech,2024-04-19,12219.78,60,2024-06-18,2024-06-12,No
INV10023,Horizon Pharma,2024-04-22,6881.02,60,2024-06-21,2024-05-22,No
INV10332,Grand Hotels,2024-04-22,1107.17,45,2024-06-06,2024-05-03,No
INV10135,Evergreen Tech,2024-04-24,9213.92,60,2024-06-23,2024-06-14,No
INV10222,Delta Foods,2024-04-24,1266.64,30,2024-05-24,2024-05-04,No
INV10231,Falcon Media,2024-04-25,3951.21,30,2024-05-25,2024-05-18,No
INV10324,Delta Foods,2024-04-26,5261.59,45,2024-06-10,2024-07-09,Yes
INV10114,Evergreen Tech,2024-05-01,3382.16,45,2024-06-15,2024-06-11,No
INV10385,Beta Logistics,2024-05-03,6968.14,30,2024-06-02,2024-06-21,Yes
INV10519,Evergreen Tech,2024-05-06,6040.34,45,2024-06-20,2024-05-21,No
INV10457,Falcon Media,2024-05-06,1539.43,45,2024-06-20,2024-06-29,Yes
INV10367,Horizon Pharma,2024-05-11,1564.27,60,2024-07-10,2024-07-04,No
INV10406,Cosmo Retail,2024-05-12,3572.89,30,2024-06-11,2024-06-06,No
INV10221,Alpha Trading,2024-05-17,5972.99,45,2024-07-01,2024-07-16,Yes
INV10379,Cosmo Retail,2024-05-18,7290.44,45,2024-07-02,2024-06-19,No
INV10054,Evergreen Tech,2024-05-19,9331.32,60,2024-07-18,2024-05-31,No
INV10377,Delta Foods,2024-05-19,1010.0,45,2024-07-03,2024-06-05,No
INV10410,Beta Logistics,2024-05-20,12716.87,30,2024-06-19,2024-06-27,Yes
INV10171,Delta Foods,2024-05-21,2674.9,45,2024-07-05,2024-07-06,Yes
INV10437,Delta Foods,2024-05-21,3272.56,30,2024-06-20,2024-07-25,Yes
INV10184,Evergreen Tech,2024-05-24,4208.77,60,2024-07-23,2024-07-05,No
INV10579,Delta Foods,2024-05-26,3352.37,30,2024-06-25,2024-07-03,Yes
INV10415,Beta Logistics,2024-05-27,10855.6,45,2024-07-11,2024-05-31,No
INV10305,Alpha Trading,2024-05-28,6347.11,45,2024-07-12,2024-06-02,No
INV10403,Iris Design,2024-05-29,10098.55,60,2024-07-28,2024-07-28,No
INV10341,Jade Marine,2024-05-30,8261.99,45,2024-07-14,2024-07-20,Yes
INV10121,Iris Design,2024-06-01,2248.08,60,2024-07-31,2024-08-23,Yes
INV10274,Cosmo Retail,2024-06-02,10856.99,45,2024-07-17,2024-08-18,Yes
INV10393,Horizon Pharma,2024-06-06,1508.48,30,2024-07-06,2024-06-13,No
INV10370,Cosmo Retail,2024-06-08,6021.12,60,2024-08-07,2024-06-30,No
INV10416,Alpha Trading,2024-06-08,10451.39,45,2024-07-23,2024-07-21,No
INV10366,Iris Design,2024-06-09,8282.08,60,2024-08-08,2024-06-26,No
INV10079,Grand Hotels,2024-06-11,8997.3,45,2024-07-26,2024-07-10,No
INV10523,Jade Marine,2024-06-15,5103.34,60,2024-08-14,2024-07-01,No
INV10164,Cosmo Retail,2024-06-15,15178.81,45,2024-07-30,2024-06-22,No
INV10528,Horizon Pharma,2024-06-17,5113.03,45,2024-08-01,2024-08-12,Yes
INV10188,Falcon Media,2024-06-18,2575.96,60,2024-08-17,2024-09-05,Yes
INV10141,Cosmo Retail,2024-06-19,5845.14,60,2024-08-18,2024-06-29,No
INV10270,Iris Design,2024-06-19,7185.47,45,2024-08-03,2024-06-23,No
INV10223,Horizon Pharma,2024-06-19,4717.87,30,2024-07-19,2024-07-17,No
INV10238,Delta Foods,2024-06-20,2678.73,30,2024-07-20,2024-07-16,No
INV10227,Cosmo Retail,2024-06-25,4571.54,30,2024-07-25,2024-07-17,No
INV10195,Cosmo Retail,2024-06-26,2414.99,30,2024-07-26,2024-06-29,No
INV10044,Jade Marine,2024-06-28,6716.02,60,2024-08-27,2024-10-03,Yes
INV10559,Grand Hotels,2024-07-02,4227.62,30,2024-08-01,2024-07-14,No
INV10589,Horizon Pharma,2024-07-03,23483.9,60,2024-09-01,2024-08-07,No
INV10545,Delta Foods,2024-07-03,32623.55,30,2024-08-02,2024-09-08,Yes
INV10399,Jade Marine,2024-07-04,5420.52,60,2024-09-02,2024-07-10,No
INV10311,Delta Foods,2024-07-04,3489.96,60,2024-09-02,2024-07-28,No
INV10235,Delta Foods,2024-07-04,2903.79,30,2024-08-03,2024-09-06,Yes
INV10401,Falcon Media,2024-07-04,1618.14,30,2024-08-03,2024-08-20,Yes
INV10078,Cosmo Retail,2024-07-05,1436.97,30,2024-08-04,2024-07-31,No
INV10395,Horizon Pharma,2024-07-06,4164.45,60,2024-09-04,2024-07-30,No
INV10378,Horizon Pharma,2024-07-09,1772.25,45,2024-08-23,2024-08-28,Yes
INV10412,Grand Hotels,2024-07-10,5192.75,30,2024-08-09,2024-08-02,No
INV10473,Iris Design,2024-07-11,6854.01,60,2024-09-09,2024-09-06,No
INV10263,Iris Design,2024-07-11,7583.96,60,2024-09-09,2024-09-01,No
INV10224,Delta Foods,2024-07-13,1920.76,45,2024-08-27,2024-09-04,Yes
INV10040,Beta Logistics,2024-07-15,16942.0,30,2024-08-14,2024-07-26,No
INV10129,Alpha Trading,2024-07-15,3959.72,45,2024-08-29,2024-08-14,No
INV10057,Falcon Media,2024-07-19,4201.93,60,2024-09-17,2024-07-24,No
INV10463,Horizon Pharma,2024-07-19,5536.53,45,2024-09-02,2024-08-22,No
INV10420,Grand Hotels,2024-07-20,1729.39,45,2024-09-03,2024-08-29,No
INV10273,Grand Hotels,2024-07-21,6709.69,30,2024-08-20,2024-08-13,No
INV10020,Jade Marine,2024-07-24,3644.31,45,2024-09-07,2024-08-09,No
INV10448,Beta Logistics,2024-07-25,10608.75,60,2024-09-23,2024-08-20,No
INV10100,Evergreen Tech,2024-07-25,2818.91,60,2024-09-23,2024-08-27,No
INV10165,Jade Marine,2024-07-28,3954.7,60,2024-09-26,2024-08-22,No
INV10571,Grand Hotels,2024-07-28,1623.73,60,2024-09-26,2024-09-28,Yes
INV10056,Jade Marine,2024-07-29,7162.98,30,2024-08-28,2024-08-14,No
INV10479,Falcon Media,2024-07-29,13329.44,60,2024-09-27,2024-10-16,Yes
INV10029,Horizon Pharma,2024-08-02,3242.48,60,2024-10-01,2024-08-28,No
INV10534,Horizon Pharma,2024-08-03,1386.17,30,2024-09-02,2024-08-06,No
INV10447,Cosmo Retail,2024-08-03,2857.9,60,2024-10-02,2024-09-20,No
INV10350,Cosmo Retail,2024-08-05,6398.79,60,2024-10-04,2024-09-23,No
INV10133,Evergreen Tech,2024-08-05,1648.02,60,2024-10-04,2024-08-24,No
INV10532,Jade Marine,2024-08-08,5633.99,30,2024-09-07,2024-08-15,No
INV10094,Falcon Media,2024-08-08,6427.72,30,2024-09-07,2024-09-03,No
INV10124,Grand Hotels,2024-08-09,10349.53,30,2024-09-08,2024-08-16,No
INV10043,Jade Marine,2024-08-09,6434.73,30,2024-09-08,2024-08-11,No
INV10198,Grand Hotels,2024-08-10,6238.87,60,2024-10-09,2024-10-05,No
INV10070,Iris Design,2024-08-10,4915.06,60,2024-10-09,2024-09-09,No
INV10468,Alpha Trading,2024-08-12,7369.19,45,2024-09-26,2024-09-02,No
INV10365,Grand Hotels,2024-08-12,2596.68,30,2024-09-11,2024-08-23,No
INV10323,Delta Foods,2024-08-12,4783.96,60,2024-10-11,2024-10-25,Yes
INV10310,Beta Logistics,2024-08-12,2655.38,45,2024-09-26,2024-10-11,Yes
INV10266,Alpha Trading,2024-08-12,5664.32,60,2024-10-11,2024-08-14,No
INV10286,Delta Foods,2024-08-13,4063.61,30,2024-09-12,2024-10-12,Yes
INV10176,Cosmo Retail,2024-08-13,26051.26,30,2024-09-12,2024-09-08,No
INV10549,Cosmo Retail,2024-08-14,7897.01,30,2024-09-13,2024-08-27,No
INV10174,Falcon Media,2024-08-15,3408.74,60,2024-10-14,2024-08-21,No
INV10009,Evergreen Tech,2024-08-16,7564.23,60,2024-10-15,2024-09-23,No
INV10540,Horizon Pharma,2024-08-17,2789.48,60,2024-10-16,2024-09-16,No
INV10470,Evergreen Tech,2024-08-19,9093.07,45,2024-10-03,2024-09-28,No
INV10189,Horizon Pharma,2024-08-19,2212.52,30,2024-09-18,2024-08-22,No
INV10498,Falcon Media,2024-08-22,5714.21,30,2024-09-21,2024-08-27,No
INV10511,Horizon Pharma,2024-08-23,4601.16,30,2024-09-22,2024-08-24,No
INV10568,Iris Design,2024-08-25,2574.9,60,2024-10-24,2024-11-21,Yes
INV10555,Beta Logistics,2024-08-25,1334.43,45,2024-10-09,2024-09-10,No
INV10247,Jade Marine,2024-08-27,23624.61,30,2024-09-26,2024-09-03,No
INV10522,Evergreen Tech,2024-08-27,2085.38,60,2024-10-26,2024-10-24,No
INV10259,Evergreen Tech,2024-08-27,7659.77,60,2024-10-26,2024-10-02,No
INV10172,Iris Design,2024-08-28,1503.61,45,2024-10-12,2024-09-24,No
INV10155,Grand Hotels,2024-08-30,2004.7,30,2024-09-29,2024-09-26,No
INV10520,Evergreen Tech,2024-09-01,2880.14,30,2024-10-01,2024-09-10,No
INV10576,Horizon Pharma,2024-09-03,7524.47,30,2024-10-03,2024-09-25,No
INV10025,Grand Hotels,2024-09-10,1947.13,60,2024-11-09,2024-11-04,No
INV10132,Falcon Media,2024-09-12,26750.02,45,2024-10-27,2024-09-14,No
INV10591,Iris Design,2024-09-12,1039.37,30,2024-10-12,2024-10-08,No
INV10557,Jade Marine,2024-09-14,8170.36,60,2024-11-13,2024-12-04,Yes
INV10294,Delta Foods,2024-09-14,3360.28,45,2024-10-29,2024-10-20,No
INV10492,Alpha Trading,2024-09-15,1475.26,60,2024-11-14,2024-11-04,No
INV10558,Evergreen Tech,2024-09-15,5547.51,45,2024-10-30,2024-10-19,No
INV10159,Alpha Trading,2024-09-17,2382.69,60,2024-11-16,2024-11-14,No
INV10131,Evergreen Tech,2024-09-17,2970.14,60,2024-11-16,2024-11-07,No
INV10063,Beta Logistics,2024-09-18,4600.94,60,2024-11-17,2024-10-23,No
INV10364,Iris Design,2024-09-21,4244.65,30,2024-10-21,2024-11-21,Yes
INV10494,Grand Hotels,2024-09-21,3059.2,30,2024-10-21,2024-09-26,No
INV10529,Jade Marine,2024-09-22,1086.58,45,2024-11-06,2024-11-22,Yes
INV10080,Evergreen Tech,2024-09-22,3888.9,30,2024-10-22,2024-10-02,No
INV10427,Grand Hotels,2024-09-24,5402.33,45,2024-11-08,2024-09-25,No
INV10303,Beta Logistics,2024-09-26,6582.9,60,2024-11-25,2024-12-06,Yes
INV10355,Iris Design,2024-09-27,5249.71,30,2024-10-27,2024-11-11,Yes
INV10505,Delta Foods,2024-10-02,5022.75,60,2024-12-01,2025-01-02,Yes
INV10219,Grand Hotels,2024-10-03,45487.72,45,2024-11-17,2024-11-03,No
INV10208,Falcon Media,2024-10-04,12102.07,60,2024-12-03,2024-10-24,No
INV10349,Horizon Pharma,2024-10-05,9333.99,60,2024-12-04,2024-11-08,No
INV10315,Cosmo Retail,2024-10-07,3282.45,30,2024-11-06,2024-10-28,No
INV10413,Falcon Media,2024-10-08,1416.73,60,2024-12-07,2024-11-24,No
INV10578,Alpha Trading,2024-10-09,5371.2,60,2024-12-08,2024-12-04,No
INV10233,Iris Design,2024-10-10,4432.82,30,2024-11-09,2024-12-09,Yes
INV10168,Horizon Pharma,2024-10-12,7560.4,45,2024-11-26,2024-11-20,No
INV10320,Grand Hotels,2024-10-13,5154.32,45,2024-11-27,2024-11-08,No
INV10220,Delta Foods,2024-10-13,3815.08,30,2024-11-12,2024-12-06,Yes
INV10408,Beta Logistics,2024-10-15,5808.17,45,2024-11-29,2024-12-15,Yes
INV10157,Cosmo Retail,2024-10-15,11993.42,30,2024-11-14,2024-10-22,No
INV10426,Falcon Media,2024-10-15,5987.14,45,2024-11-29,2024-10-21,No
INV10542,Falcon Media,2024-10-16,5263.76,45,2024-11-30,2024-10-24,No
INV10553,Horizon Pharma,2024-10-18,6213.81,30,2024-11-17,2024-11-12,No
INV10122,Cosmo Retail,2024-10-19,10659.38,45,2024-12-03,2024-11-12,No
INV10489,Evergreen Tech,2024-10-19,3935.92,45,2024-12-03,2024-11-08,No
INV10092,Horizon Pharma,2024-10-20,8687.45,60,2024-12-19,2024-11-03,No
INV10302,Cosmo Retail,2024-10-20,1603.36,30,2024-11-19,2024-10-28,No
INV10507,Iris Design,2024-10-21,6460.79,60,2024-12-20,2024-12-14,No
INV10309,Beta Logistics,2024-10-22,4574.82,45,2024-12-06,2024-11-29,No
INV10281,Beta Logistics,2024-10-23,4944.12,45,2024-12-07,2024-11-13,No
INV10375,Falcon Media,2024-10-24,5055.23,45,2024-12-08,2024-11-02,No
INV10336,Jade Marine,2024-10-24,3853.49,60,2024-12-23,2025-01-07,Yes
INV10284,Beta Logistics,2024-10-24,7071.04,30,2024-11-23,2024-11-26,Yes
INV10586,Horizon Pharma,2024-10-25,19048.94,30,2024-11-24,2024-11-01,No
INV10581,Horizon Pharma,2024-10-26,8008.36,30,2024-11-25,2024-11-05,No
INV10458,Grand Hotels,2024-10-29,1344.11,45,2024-12-13,2025-01-13,Yes
INV10138,Alpha Trading,2024-10-30,3815.25,45,2024-12-14,2024-11-23,No
INV10045,Cosmo Retail,2024-10-31,5545.89,60,2024-12-30,2024-11-01,No
INV10095,Falcon Media,2024-11-02,13863.56,60,2025-01-01,2024-12-10,No
INV10011,Jade Marine,2024-11-02,2164.97,30,2024-12-02,2025-01-04,Yes
INV10481,Delta Foods,2024-11-03,2334.4,45,2024-12-18,2024-11-20,No
INV10038,Iris Design,2024-11-03,10364.96,30,2024-12-03,2024-12-03,No
INV10387,Alpha Trading,2024-11-03,1214.12,60,2025-01-02,2024-12-15,No
INV10153,Iris Design,2024-11-04,5795.37,45,2024-12-19,2024-11-25,No
INV10502,Cosmo Retail,2024-11-04,4166.85,60,2025-01-03,2024-12-10,No
INV10452,Delta Foods,2024-11-04,3583.27,60,2025-01-03,2024-11-20,No
INV10268,Delta Foods,2024-11-06,7896.55,30,2024-12-06,2025-01-12,Yes
INV10475,Cosmo Retail,2024-11-07,13210.39,60,2025-01-06,2024-12-11,No
INV10024,Evergreen Tech,2024-11-08,3654.41,30,2024-12-08,2024-11-27,No
INV10451,Horizon Pharma,2024-11-08,2097.07,30,2024-12-08,2024-11-26,No
INV10471,Jade Marine,2024-11-08,5028.55,30,2024-12-08,2024-12-02,No
INV10499,Alpha Trading,2024-11-08,4022.04,60,2025-01-07,2024-11-11,No
INV10137,Falcon Media,2024-11-09,13609.62,60,2025-01-08,2024-12-16,No
INV10538,Grand Hotels,2024-11-09,6922.75,45,2024-12-24,2024-12-13,No
INV10384,Cosmo Retail,2024-11-09,3174.09,45,2024-12-24,2024-11-18,No
INV10516,Beta Logistics,2024-11-09,795.27,30,2024-12-09,2024-12-20,Yes
INV10236,Alpha Trading,2024-11-10,9810.26,30,2024-12-10,2024-12-03,No
INV10064,Cosmo Retail,2024-11-13,1995.81,45,2024-12-28,2024-12-17,No
INV10182,Jade Marine,2024-11-14,10711.53,30,2024-12-14,2025-01-04,Yes
INV10484,Falcon Media,2024-11-14,3586.82,30,2024-12-14,2024-12-02,No
INV10563,Iris Design,2024-11-16,2679.83,30,2024-12-16,2024-12-20,Yes
INV10115,Falcon Media,2024-11-16,4304.99,45,2024-12-31,2024-11-26,No
INV10376,Evergreen Tech,2024-11-17,1426.05,45,2025-01-01,2024-12-23,No
INV10015,Falcon Media,2024-11-17,4053.76,45,2025-01-01,2025-01-24,Yes
INV10590,Cosmo Retail,2024-11-19,10918.1,45,2025-01-03,2024-12-20,No
INV10244,Alpha Trading,2024-11-21,3831.5,60,2025-01-20,2024-12-27,No
INV10330,Cosmo Retail,2024-11-22,5856.53,45,2025-01-06,2025-01-06,No
INV10225,Alpha Trading,2024-11-23,5974.2,45,2025-01-07,2024-12-27,No
INV10444,Beta Logistics,2024-11-23,2768.81,30,2024-12-23,2024-12-30,Yes
INV10060,Evergreen Tech,2024-11-23,6129.84,45,2025-01-07,2024-12-03,No
INV10371,Alpha Trading,2024-11-24,3244.6,45,2025-01-08,2025-02-12,Yes
INV10573,Cosmo Retail,2024-11-26,10133.99,30,2024-12-26,2024-12-12,No
INV10453,Jade Marine,2024-11-26,10760.64,45,2025-01-10,2024-12-19,No
INV10253,Alpha Trading,2024-11-26,1683.28,45,2025-01-10,2024-11-29,No
INV10037,Falcon Media,2024-11-27,2782.04,60,2025-01-26,2025-01-10,No
INV10513,Cosmo Retail,2024-11-28,5494.53,30,2024-12-28,2024-12-25,No
INV10369,Falcon Media,2024-11-30,6325.94,60,2025-01-29,2025-01-04,No
INV10381,Horizon Pharma,2024-11-30,5569.82,60,2025-01-29,2025-01-21,No
INV10588,Cosmo Retail,2024-11-30,6955.48,30,2024-12-30,2024-12-04,No
INV10383,Evergreen Tech,2024-12-02,2197.2,30,2025-01-01,2024-12-09,No
INV10272,Beta Logistics,2024-12-02,13772.24,45,2025-01-16,2025-02-03,Yes
INV10335,Falcon Media,2024-12-03,865.67,30,2025-01-02,2024-12-17,No
INV10036,Cosmo Retail,2024-12-06,6568.8,60,2025-02-04,2025-01-06,No
INV10156,Jade Marine,2024-12-08,5820.62,60,2025-02-06,2024-12-09,No
INV10140,Beta Logistics,2024-12-09,919.67,60,2025-02-07,2025-03-02,Yes
INV10454,Jade Marine,2024-12-10,2241.72,60,2025-02-08,2025-01-08,No
INV10317,Falcon Media,2024-12-11,5221.57,30,2025-01-10,2025-02-17,Yes
INV10456,Delta Foods,2024-12-11,10683.11,45,2025-01-25,2025-02-13,Yes
INV10577,Iris Design,2024-12-13,6577.81,45,2025-01-27,2025-03-04,Yes
INV10170,Cosmo Retail,2024-12-13,15796.15,45,2025-01-27,2025-02-02,Yes
INV10541,Delta Foods,2024-12-17,23030.34,30,2025-01-16,2025-01-22,Yes
INV10110,Grand Hotels,2024-12-19,5242.16,45,2025-02-02,2024-12-31,No
INV10421,Grand Hotels,2024-12-19,4337.01,45,2025-02-02,2025-01-07,No
INV10202,Horizon Pharma,2024-12-21,4741.75,30,2025-01-20,2025-02-28,Yes
INV10118,Evergreen Tech,2024-12-21,19258.52,60,2025-02-19,2025-03-07,Yes
INV10186,Beta Logistics,2024-12-21,1645.11,30,2025-01-20,2025-02-09,Yes
INV10368,Alpha Trading,2024-12-21,620.84,60,2025-02-19,2025-01-24,No
INV10258,Falcon Media,2024-12-22,8748.41,60,2025-02-20,2024-12-28,No
INV10491,Horizon Pharma,2024-12-22,3267.63,45,2025-02-05,2025-01-22,No
INV10180,Horizon Pharma,2024-12-24,9570.47,60,2025-02-22,2025-01-28,No
INV10574,Horizon Pharma,2024-12-31,10500.84,45,2025-02-14,2025-01-26,No
INV10443,Evergreen Tech,2024-12-31,3423.58,60,2025-03-01,2025-01-18,No
INV10073,Jade Marine,2025-01-01,11314.04,60,2025-03-02,2025-03-06,Yes
INV10423,Cosmo Retail,2025-01-01,6450.62,60,2025-03-02,2025-02-19,No
INV10544,Jade Marine,2025-01-03,6144.83,45,2025-02-17,2025-02-10,No
INV10419,Beta Logistics,2025-01-04,6989.29,60,2025-03-05,2025-01-20,No
INV10146,Iris Design,2025-01-06,4677.52,45,2025-02-20,2025-02-16,No
INV10517,Delta Foods,2025-01-06,3479.25,60,2025-03-07,2025-04-15,Yes
INV10436,Jade Marine,2025-01-07,3578.12,30,2025-02-06,2025-01-23,No
INV10526,Iris Design,2025-01-08,9654.56,60,2025-03-09,2025-03-16,Yes
INV10560,Grand Hotels,2025-01-08,5237.29,60,2025-03-09,2025-01-22,No
INV10345,Cosmo Retail,2025-01-09,24757.68,45,2025-02-23,2025-04-03,Yes
INV10240,Delta Foods,2025-01-10,5182.27,60,2025-03-11,2025-03-28,Yes
INV10361,Cosmo Retail,2025-01-11,7039.13,45,2025-02-25,2025-01-28,No
INV10143,Horizon Pharma,2025-01-12,6435.13,60,2025-03-13,2025-02-21,No
INV10173,Falcon Media,2025-01-13,4641.94,60,2025-03-14,2025-03-26,Yes
INV10269,Iris Design,2025-01-16,5278.24,60,2025-03-17,2025-04-06,Yes
INV10477,Delta Foods,2025-01-19,9048.5,60,2025-03-20,2025-03-11,No
INV10300,Horizon Pharma,2025-01-20,17347.77,45,2025-03-06,2025-04-08,Yes
INV10242,Delta Foods,2025-01-23,4621.55,60,2025-03-24,2025-04-02,Yes
INV10042,Beta Logistics,2025-01-23,2765.65,45,2025-03-09,2025-02-21,No
INV10005,Alpha Trading,2025-01-23,9089.86,60,2025-03-24,2025-03-21,No
INV10136,Jade Marine,2025-01-24,12519.58,30,2025-02-23,2025-03-28,Yes
INV10396,Jade Marine,2025-01-24,6482.47,45,2025-03-10,2025-03-22,Yes
INV10599,Falcon Media,2025-01-24,11458.48,60,2025-03-25,2025-03-08,No
INV10325,Horizon Pharma,2025-01-28,4533.05,60,2025-03-29,2025-02-12,No
INV10179,Beta Logistics,2025-01-28,3564.62,30,2025-02-27,2025-02-24,No
INV10430,Delta Foods,2025-01-29,3141.16,45,2025-03-15,2025-04-04,Yes
INV10304,Evergreen Tech,2025-01-29,7654.13,45,2025-03-15,2025-04-11,Yes
INV10123,Delta Foods,2025-01-31,4027.68,45,2025-03-17,2025-04-14,Yes
INV10322,Jade Marine,2025-02-01,6071.61,45,2025-03-18,2025-02-26,No
INV10582,Falcon Media,2025-02-01,6718.79,45,2025-03-18,2025-03-21,Yes
INV10392,Evergreen Tech,2025-02-01,2174.64,60,2025-04-02,2025-02-28,No
INV10459,Cosmo Retail,2025-02-02,3312.87,60,2025-04-03,2025-03-25,No
INV10072,Grand Hotels,2025-02-03,2880.91,60,2025-04-04,2025-03-11,No
INV10089,Alpha Trading,2025-02-04,6081.8,45,2025-03-21,2025-03-01,No
INV10438,Jade Marine,2025-02-09,2419.03,30,2025-03-11,2025-03-07,No
INV10034,Jade Marine,2025-02-10,7666.42,45,2025-03-27,2025-04-10,Yes
INV10580,Iris Design,2025-02-10,10651.52,30,2025-03-12,2025-03-27,Yes
INV10232,Delta Foods,2025-02-12,6872.02,45,2025-03-29,2025-04-27,Yes
INV10031,Beta Logistics,2025-02-12,2400.79,30,2025-03-14,2025-04-09,Yes
INV10318,Horizon Pharma,2025-02-13,7327.4,45,2025-03-30,2025-04-04,Yes
INV10145,Delta Foods,2025-02-14,2056.72,30,2025-03-16,2025-04-19,Yes
INV10088,Horizon Pharma,2025-02-17,6114.43,30,2025-03-19,2025-03-17,No
INV10175,Cosmo Retail,2025-02-17,2981.82,45,2025-04-03,2025-04-29,Yes
INV10193,Cosmo Retail,2025-02-17,5267.57,60,2025-04-18,2025-02-27,No
INV10595,Iris Design,2025-02-18,1166.39,45,2025-04-04,2025-05-04,Yes
INV10506,Cosmo Retail,2025-02-19,5646.93,30,2025-03-21,2025-03-21,No
INV10334,Jade Marine,2025-02-19,1142.44,60,2025-04-20,2025-02-27,No
INV10596,Delta Foods,2025-02-20,4343.97,30,2025-03-22,2025-04-30,Yes
INV10149,Beta Logistics,2025-02-22,5904.23,45,2025-04-08,2025-04-08,No
INV10050,Delta Foods,2025-02-23,13144.61,60,2025-04-24,2025-05-29,Yes
INV10483,Grand Hotels,2025-02-26,4078.61,60,2025-04-27,2025-04-13,No
INV10062,Horizon Pharma,2025-02-28,23103.27,60,2025-04-29,2025-03-08,No
INV10120,Horizon Pharma,2025-03-03,6122.56,45,2025-04-17,2025-03-20,No
INV10357,Iris Design,2025-03-04,6792.33,30,2025-04-03,2025-04-05,Yes
INV10113,Alpha Trading,2025-03-07,4483.86,30,2025-04-06,2025-04-05,No
INV10362,Iris Design,2025-03-08,11880.53,45,2025-04-22,2025-05-26,Yes
INV10313,Evergreen Tech,2025-03-09,12425.04,45,2025-04-23,2025-04-18,No
INV10278,Evergreen Tech,2025-03-09,13422.8,60,2025-05-08,2025-06-14,Yes
INV10340,Horizon Pharma,2025-03-09,9674.28,30,2025-04-08,2025-04-07,No
INV10194,Falcon Media,2025-03-09,3788.78,45,2025-04-23,2025-04-16,No
INV10417,Alpha Trading,2025-03-09,4856.5,45,2025-04-23,2025-03-20,No
INV10449,Cosmo Retail,2025-03-11,2388.68,45,2025-04-25,2025-05-19,Yes
INV10460,Evergreen Tech,2025-03-14,3971.51,30,2025-04-13,2025-04-04,No
INV10125,Falcon Media,2025-03-14,5745.41,45,2025-04-28,2025-04-12,No
INV10565,Falcon Media,2025-03-16,5219.7,60,2025-05-15,2025-04-09,No
INV10147,Grand Hotels,2025-03-17,9229.21,45,2025-05-01,2025-05-08,Yes
INV10251,Horizon Pharma,2025-03-18,7568.65,45,2025-05-02,2025-04-15,No
INV10083,Horizon Pharma,2025-03-19,9825.23,30,2025-04-18,2025-04-10,No
INV10344,Iris Design,2025-03-19,6630.65,45,2025-05-03,2025-05-20,Yes
INV10150,Falcon Media,2025-03-19,12523.1,60,2025-05-18,2025-06-26,Yes
INV10058,Beta Logistics,2025-03-19,5236.16,60,2025-05-18,2025-05-23,Yes
INV10017,Falcon Media,2025-03-20,8085.75,45,2025-05-04,2025-05-26,Yes
INV10469,Falcon Media,2025-03-21,13832.76,45,2025-05-05,2025-05-21,Yes
INV10373,Evergreen Tech,2025-03-22,5237.08,30,2025-04-21,2025-03-27,No
INV10425,Delta Foods,2025-03-22,11316.0,45,2025-05-06,2025-05-25,Yes
INV10249,Cosmo Retail,2025-03-23,1890.66,60,2025-05-22,2025-05-22,No
INV10134,Jade Marine,2025-03-24,8548.95,45,2025-05-08,2025-05-08,No
INV10004,Horizon Pharma,2025-03-26,6817.56,45,2025-05-10,2025-04-03,No
INV10290,Delta Foods,2025-04-01,4587.49,60,2025-05-31,2025-07-03,Yes
INV10282,Horizon Pharma,2025-04-01,11595.88,30,2025-05-01,2025-06-09,Yes
INV10297,Jade Marine,2025-04-02,5310.44,30,2025-05-02,2025-04-19,No
INV10299,Evergreen Tech,2025-04-04,1711.07,60,2025-06-03,2025-05-17,No
INV10256,Horizon Pharma,2025-04-06,13842.41,30,2025-05-06,2025-04-27,No
INV10374,Evergreen Tech,2025-04-08,2959.49,60,2025-06-07,2025-04-28,No
INV10280,Cosmo Retail,2025-04-09,1668.14,45,2025-05-24,2025-05-29,Yes
INV10021,Jade Marine,2025-04-10,6766.52,45,2025-05-25,2025-06-10,Yes
INV10016,Evergreen Tech,2025-04-12,1513.21,45,2025-05-27,2025-05-06,No
INV10142,Evergreen Tech,2025-04-14,5666.75,60,2025-06-13,2025-04-29,No
INV10254,Alpha Trading,2025-04-19,7649.43,60,2025-06-18,2025-04-29,No
INV10308,Delta Foods,2025-04-20,2343.04,30,2025-05-20,2025-05-29,Yes
INV10398,Alpha Trading,2025-04-21,8434.4,60,2025-06-20,2025-06-09,No
INV10600,Falcon Media,2025-04-22,3840.72,60,2025-06-21,2025-04-24,No
INV10013,Cosmo Retail,2025-04-22,7904.91,45,2025-06-06,2025-06-12,Yes
INV10099,Alpha Trading,2025-04-25,12291.77,45,2025-06-09,2025-06-09,No
INV10446,Jade Marine,2025-04-25,3281.65,45,2025-06-09,2025-05-02,No
INV10501,Beta Logistics,2025-04-26,5807.3,30,2025-05-26,2025-05-28,Yes
INV10339,Evergreen Tech,2025-04-28,3319.18,45,2025-06-12,2025-06-05,No
INV10450,Delta Foods,2025-04-30,3161.94,45,2025-06-14,2025-07-11,Yes
INV10084,Falcon Media,2025-05-01,5163.03,45,2025-06-15,2025-05-08,No
INV10117,Falcon Media,2025-05-04,10723.73,30,2025-06-03,2025-06-29,Yes
INV10169,Iris Design,2025-05-05,5514.15,60,2025-07-04,2025-05-30,No
INV10554,Evergreen Tech,2025-05-08,7495.85,45,2025-06-22,2025-06-19,No
INV10346,Cosmo Retail,2025-05-09,4553.26,45,2025-06-23,2025-07-05,Yes
INV10112,Alpha Trading,2025-05-11,1867.72,45,2025-06-25,2025-08-03,Yes
INV10190,Iris Design,2025-05-13,7216.44,30,2025-06-12,2025-06-18,Yes
INV10160,Horizon Pharma,2025-05-14,2794.42,45,2025-06-28,2025-05-25,No
INV10167,Evergreen Tech,2025-05-17,20679.11,45,2025-07-01,2025-05-26,No
INV10546,Delta Foods,2025-05-19,2540.52,30,2025-06-18,2025-06-17,No
INV10424,Alpha Trading,2025-05-20,26130.7,60,2025-07-19,2025-05-25,No
INV10478,Beta Logistics,2025-05-22,2332.9,30,2025-06-21,2025-07-15,Yes
INV10252,Evergreen Tech,2025-05-23,3682.56,60,2025-07-22,2025-06-25,No
INV10583,Falcon Media,2025-05-24,11108.45,60,2025-07-23,2025-08-04,Yes
INV10283,Grand Hotels,2025-05-24,11723.75,30,2025-06-23,2025-05-25,No
INV10409,Jade Marine,2025-05-25,10860.45,30,2025-06-24,2025-06-02,No
INV10214,Iris Design,2025-05-28,5022.29,45,2025-07-12,2025-08-16,Yes
INV10257,Horizon Pharma,2025-05-31,6291.18,45,2025-07-15,2025-06-27,No
INV10200,Delta Foods,2025-06-01,5876.1,60,2025-07-31,2025-08-13,Yes
INV10130,Alpha Trading,2025-06-03,1219.79,60,2025-08-02,2025-08-02,No
INV10215,Alpha Trading,2025-06-03,6484.39,45,2025-07-18,2025-06-16,No
INV10048,Horizon Pharma,2025-06-06,2085.72,45,2025-07-21,2025-07-10,No
INV10433,Cosmo Retail,2025-06-06,2050.13,60,2025-08-05,2025-06-13,No
INV10556,Iris Design,2025-06-07,4513.09,45,2025-07-22,2025-08-26,Yes
INV10293,Delta Foods,2025-06-10,4927.85,30,2025-07-10,2025-07-30,Yes
INV10564,Horizon Pharma,2025-06-10,3119.77,30,2025-07-10,2025-06-25,No
INV10386,Jade Marine,2025-06-10,5391.84,30,2025-07-10,2025-07-23,Yes
INV10598,Grand Hotels,2025-06-11,2143.88,45,2025-07-26,2025-08-30,Yes
INV10462,Beta Logistics,2025-06-13,1252.67,45,2025-07-28,2025-08-31,Yes
INV10209,Cosmo Retail,2025-06-14,3930.91,60,2025-08-13,2025-06-15,No
INV10030,Alpha Trading,2025-06-14,5784.13,45,2025-07-29,2025-06-27,No
INV10006,Beta Logistics,2025-06-14,11565.47,60,2025-08-13,2025-07-23,No
INV10461,Cosmo Retail,2025-06-15,6863.17,30,2025-07-15,2025-07-09,No
INV10380,Horizon Pharma,2025-06-16,2788.78,30,2025-07-16,2025-06-25,No
INV10151,Jade Marine,2025-06-17,909.65,45,2025-08-01,2025-06-22,No
INV10388,Falcon Media,2025-06-18,12313.08,30,2025-07-18,2025-06-21,No
INV10144,Falcon Media,2025-06-22,4624.09,60,2025-08-21,2025-07-01,No
INV10536,Grand Hotels,2025-06-23,13103.27,60,2025-08-22,2025-07-06,No
INV10428,Cosmo Retail,2025-06-23,9818.0,30,2025-07-23,2025-07-13,No
INV10535,Evergreen Tech,2025-06-23,2981.93,30,2025-07-23,2025-07-27,Yes
INV10047,Alpha Trading,2025-06-24,10661.58,45,2025-08-08,2025-09-03,Yes
INV10001,Alpha Trading,2025-06-25,8310.84,45,2025-08-09,2025-07-21,No
INV10442,Alpha Trading,2025-06-26,4611.88,30,2025-07-26,2025-07-08,No
INV10105,Iris Design,2025-06-27,3730.81,60,2025-08-26,2025-08-15,No
INV10402,Horizon Pharma,2025-06-27,4870.46,45,2025-08-11,2025-07-08,No
INV10007,Grand Hotels,2025-06-28,7133.92,60,2025-08-27,2025-09-04,Yes
INV10239,Alpha Trading,2025-06-28,18352.52,30,2025-07-28,2025-07-13,No
INV10051,Jade Marine,2025-06-28,4897.18,30,2025-07-28,2025-09-04,Yes
INV10434,Evergreen Tech,2025-06-29,1456.22,60,2025-08-28,2025-08-14,No
INV10027,Cosmo Retail,2025-06-29,2556.69,30,2025-07-29,2025-07-08,No
INV10076,Grand Hotels,2025-06-29,4120.03,60,2025-08-28,2025-08-20,No
INV10187,Falcon Media,2025-06-30,4594.77,45,2025-08-14,2025-09-16,Yes
INV10152,Grand Hotels,2025-07-01,8103.71,45,2025-08-15,2025-07-07,No
INV10087,Evergreen Tech,2025-07-01,2417.28,60,2025-08-30,2025-07-14,No
INV10543,Alpha Trading,2025-07-03,2809.71,45,2025-08-17,2025-09-24,Yes
INV10014,Horizon Pharma,2025-07-04,1772.22,60,2025-09-02,2025-07-25,No
INV10509,Horizon Pharma,2025-07-05,3389.46,45,2025-08-19,2025-07-22,No
INV10285,Delta Foods,2025-07-05,2817.99,60,2025-09-03,2025-10-06,Yes
INV10177,Cosmo Retail,2025-07-08,8705.79,45,2025-08-22,2025-07-18,No
INV10248,Grand Hotels,2025-07-09,5386.87,60,2025-09-07,2025-08-26,No
INV10337,Iris Design,2025-07-10,6520.9,30,2025-08-09,2025-09-11,Yes
INV10411,Beta Logistics,2025-07-11,3756.86,30,2025-08-10,2025-09-15,Yes
INV10353,Jade Marine,2025-07-11,5564.06,30,2025-08-10,2025-07-25,No
INV10197,Falcon Media,2025-07-13,11787.16,30,2025-08-12,2025-09-05,Yes
INV10127,Cosmo Retail,2025-07-13,2707.89,30,2025-08-12,2025-08-03,No
INV10090,Jade Marine,2025-07-13,1159.49,45,2025-08-27,2025-08-05,No
INV10161,Delta Foods,2025-07-14,3197.79,45,2025-08-28,2025-08-30,Yes
INV10108,Grand Hotels,2025-07-14,5644.59,60,2025-09-12,2025-07-19,No
INV10107,Jade Marine,2025-07-15,959.55,60,2025-09-13,2025-09-23,Yes
INV10158,Falcon Media,2025-07-15,8383.73,30,2025-08-14,2025-09-20,Yes
INV10316,Jade Marine,2025-07-18,2239.62,60,2025-09-16,2025-09-06,No
INV10482,Falcon Media,2025-07-21,10068.42,30,2025-08-20,2025-07-30,No
INV10400,Jade Marine,2025-07-24,3151.49,45,2025-09-07,2025-08-28,No
INV10065,Iris Design,2025-07-25,2164.41,60,2025-09-23,2025-09-17,No
INV10314,Beta Logistics,2025-07-27,8499.74,60,2025-09-25,2025-10-16,Yes
INV10372,Iris Design,2025-07-29,3726.89,60,2025-09-27,2025-10-23,Yes
INV10296,Alpha Trading,2025-07-30,9641.77,30,2025-08-29,2025-09-14,Yes
INV10429,Jade Marine,2025-08-03,1719.06,60,2025-10-02,2025-10-01,No
INV10061,Cosmo Retail,2025-08-03,1093.24,30,2025-09-02,2025-08-10,No
INV10466,Grand Hotels,2025-08-05,8976.55,30,2025-09-04,2025-08-26,No
INV10012,Horizon Pharma,2025-08-05,5333.06,45,2025-09-19,2025-08-14,No
INV10206,Jade Marine,2025-08-08,9867.39,30,2025-09-07,2025-09-08,Yes
INV10109,Iris Design,2025-08-09,2868.03,45,2025-09-23,2025-09-25,Yes
INV10512,Beta Logistics,2025-08-12,2028.03,45,2025-09-26,2025-09-12,No
INV10082,Jade Marine,2025-08-16,8774.38,45,2025-09-30,2025-09-01,No
INV10098,Cosmo Retail,2025-08-18,1208.98,60,2025-10-17,2025-09-09,No
INV10521,Beta Logistics,2025-08-19,6964.26,30,2025-09-18,2025-09-01,No
INV10019,Jade Marine,2025-08-20,2582.16,30,2025-09-19,2025-09-29,Yes
INV10162,Cosmo Retail,2025-08-23,5932.73,45,2025-10-07,2025-10-07,No
INV10077,Jade Marine,2025-08-23,4163.89,60,2025-10-22,2025-09-25,No
INV10213,Jade Marine,2025-08-24,2178.83,60,2025-10-23,2025-08-30,No
INV10465,Horizon Pharma,2025-08-24,11558.89,45,2025-10-08,2025-08-28,No
INV10291,Alpha Trading,2025-08-25,4088.15,30,2025-09-24,2025-08-31,No
INV10262,Jade Marine,2025-08-25,2404.91,60,2025-10-24,2025-11-03,Yes
INV10567,Beta Logistics,2025-08-25,6901.94,60,2025-10-24,2025-11-19,Yes
INV10407,Horizon Pharma,2025-08-26,2949.22,45,2025-10-10,2025-09-12,No
INV10584,Jade Marine,2025-08-26,3445.48,60,2025-10-25,2025-11-27,Yes
INV10431,Iris Design,2025-08-28,4451.62,60,2025-10-27,2025-10-26,No
INV10389,Alpha Trading,2025-08-30,717.11,45,2025-10-14,2025-08-31,No
INV10566,Falcon Media,2025-08-31,5462.41,30,2025-09-30,2025-10-02,Yes
INV10207,Iris Design,2025-09-03,2720.22,60,2025-11-02,2025-10-18,No
INV10394,Grand Hotels,2025-09-03,8847.99,30,2025-10-03,2025-09-07,No
INV10338,Horizon Pharma,2025-09-04,6394.74,30,2025-10-04,2025-10-04,No
INV10237,Falcon Media,2025-09-04,7119.48,60,2025-11-03,2025-11-17,Yes
INV10331,Iris Design,2025-09-07,8751.14,60,2025-11-06,2025-11-21,Yes
INV10102,Alpha Trading,2025-09-07,6778.9,60,2025-11-06,2025-10-20,No
INV10539,Alpha Trading,2025-09-07,5713.39,30,2025-10-07,2025-09-29,No
INV10204,Alpha Trading,2025-09-08,2303.77,45,2025-10-23,2025-09-29,No
INV10500,Delta Foods,2025-09-11,4065.84,60,2025-11-10,2025-11-30,Yes
INV10126,Falcon Media,2025-09-12,4723.25,30,2025-10-12,2025-09-15,No
INV10166,Falcon Media,2025-09-12,7373.83,60,2025-11-11,2025-11-19,Yes
INV10569,Evergreen Tech,2025-09-13,2612.98,60,2025-11-12,2025-09-28,No
INV10306,Iris Design,2025-09-15,9949.3,30,2025-10-15,2025-10-01,No
INV10046,Iris Design,2025-09-15,6003.38,30,2025-10-15,2025-11-19,Yes
INV10255,Cosmo Retail,2025-09-16,7502.7,60,2025-11-15,2025-10-02,No
INV10476,Grand Hotels,2025-09-17,4245.77,30,2025-10-17,2025-10-17,No
INV10287,Cosmo Retail,2025-09-17,5194.17,30,2025-10-17,2025-10-23,Yes
INV10533,Evergreen Tech,2025-09-18,5251.22,30,2025-10-18,2025-10-05,No
INV10104,Grand Hotels,2025-09-19,3001.08,60,2025-11-18,2025-11-20,Yes
INV10093,Horizon Pharma,2025-09-20,5938.67,60,2025-11-19,2025-10-05,No
INV10228,Horizon Pharma,2025-09-23,2257.98,30,2025-10-23,2025-09-24,No
INV10139,Cosmo Retail,2025-09-26,1642.49,60,2025-11-25,2025-11-23,No
INV10390,Iris Design,2025-09-28,10458.97,45,2025-11-12,2025-12-13,Yes
INV10026,Delta Foods,2025-09-28,3771.72,45,2025-11-12,2025-10-12,No
INV10264,Jade Marine,2025-09-29,7565.05,60,2025-11-28,2025-11-16,No
INV10422,Jade Marine,2025-10-01,7153.86,60,2025-11-30,2025-11-16,No
INV10081,Grand Hotels,2025-10-03,11205.82,60,2025-12-02,2025-11-04,No
INV10101,Falcon Media,2025-10-04,1828.16,60,2025-12-03,2025-10-18,No
INV10191,Alpha Trading,2025-10-05,8471.28,30,2025-11-04,2025-11-05,Yes
INV10067,Jade Marine,2025-10-06,3777.02,45,2025-11-20,2025-11-27,Yes
INV10439,Grand Hotels,2025-10-07,7513.1,60,2025-12-06,2025-11-17,No
INV10551,Horizon Pharma,2025-10-07,35201.87,60,2025-12-06,2025-12-01,No
INV10485,Falcon Media,2025-10-09,7495.48,45,2025-11-23,2025-12-01,Yes
INV10074,Evergreen Tech,2025-10-09,9406.98,60,2025-12-08,2025-12-03,No
INV10486,Delta Foods,2025-10-09,5027.4,45,2025-11-23,2025-10-12,No
INV10495,Evergreen Tech,2025-10-10,2080.7,30,2025-11-09,2025-11-02,No
INV10326,Jade Marine,2025-10-11,7446.42,30,2025-11-10,2025-12-04,Yes
INV10527,Alpha Trading,2025-10-11,3868.0,45,2025-11-25,2025-12-06,Yes
INV10312,Alpha Trading,2025-10-12,1873.18,60,2025-12-11,2025-12-06,No
INV10321,Iris Design,2025-10-14,1649.84,60,2025-12-13,2025-12-29,Yes
INV10347,Delta Foods,2025-10-17,6290.77,60,2025-12-16,2025-10-27,No
INV10524,Jade Marine,2025-10-17,3223.09,30,2025-11-16,2025-10-29,No
INV10096,Jade Marine,2025-10-17,8875.67,45,2025-12-01,2025-10-27,No
INV10418,Beta Logistics,2025-10-18,9717.4,30,2025-11-17,2025-10-27,No
INV10493,Falcon Media,2025-10-21,1910.14,45,2025-12-05,2025-11-02,No
INV10234,Grand Hotels,2025-10-21,4197.31,45,2025-12-05,2025-12-10,Yes
INV10327,Grand Hotels,2025-10-23,6381.36,60,2025-12-22,2025-11-29,No
INV10552,Grand Hotels,2025-10-25,2709.25,45,2025-12-09,2025-11-25,No
INV10241,Beta Logistics,2025-10-28,15571.16,30,2025-11-27,2025-12-16,Yes
INV10265,Horizon Pharma,2025-10-29,5040.41,45,2025-12-13,2025-11-16,No
INV10035,Beta Logistics,2025-11-01,6120.87,45,2025-12-16,2026-01-04,Yes
INV10435,Delta Foods,2025-11-01,5426.2,45,2025-12-16,2025-11-15,No
INV10226,Alpha Trading,2025-11-02,1307.19,30,2025-12-02,2025-12-28,Yes
INV10333,Cosmo Retail,2025-11-06,3093.34,30,2025-12-06,2026-01-13,Yes
INV10059,Alpha Trading,2025-11-07,2704.66,30,2025-12-07,2025-11-20,No
INV10561,Cosmo Retail,2025-11-07,3571.32,30,2025-12-07,2025-11-22,No
INV10515,Jade Marine,2025-11-10,4680.41,60,2026-01-09,2025-12-25,No
INV10487,Horizon Pharma,2025-11-10,2846.08,30,2025-12-10,2025-11-13,No
INV10354,Cosmo Retail,2025-11-11,660.54,45,2025-12-26,2025-11-25,No
INV10570,Beta Logistics,2025-11-11,1852.76,30,2025-12-11,2026-01-08,Yes
INV10343,Evergreen Tech,2025-11-13,7789.42,30,2025-12-13,2025-12-11,No
INV10298,Jade Marine,2025-11-13,1821.87,60,2026-01-12,2026-02-16,Yes
INV10352,Beta Logistics,2025-11-14,1597.68,45,2025-12-29,2026-01-31,Yes
INV10358,Cosmo Retail,2025-11-14,4325.36,60,2026-01-13,2025-12-31,No
INV10271,Jade Marine,2025-11-15,4260.54,30,2025-12-15,2025-11-23,No
INV10359,Iris Design,2025-11-15,3917.51,30,2025-12-15,2025-12-25,Yes
INV10075,Cosmo Retail,2025-11-16,5911.19,30,2025-12-16,2025-11-22,No
INV10218,Cosmo Retail,2025-11-16,16773.97,60,2026-01-15,2025-12-24,No
INV10467,Evergreen Tech,2025-11-20,8292.36,60,2026-01-19,2025-11-26,No
INV10154,Beta Logistics,2025-11-20,17586.89,30,2025-12-20,2025-12-12,No
INV10196,Jade Marine,2025-11-20,2579.64,30,2025-12-20,2026-01-04,Yes
INV10097,Grand Hotels,2025-11-21,8859.75,30,2025-12-21,2026-01-18,Yes
INV10594,Beta Logistics,2025-11-22,10246.07,30,2025-12-22,2025-12-24,Yes
INV10245,Iris Design,2025-11-23,382.26,30,2025-12-23,2026-01-24,Yes
INV10587,Iris Design,2025-11-23,8764.68,45,2026-01-07,2026-01-13,Yes
INV10531,Falcon Media,2025-11-24,4597.65,45,2026-01-08,2025-11-28,No
INV10525,Grand Hotels,2025-11-25,5949.15,45,2026-01-09,2025-12-25,No
INV10203,Falcon Media,2025-11-26,4954.3,45,2026-01-10,2025-12-15,No
INV10464,Horizon Pharma,2025-11-26,6896.63,30,2025-12-26,2025-11-27,No
INV10575,Grand Hotels,2025-11-27,5414.0,60,2026-01-26,2026-01-30,Yes
INV10178,Jade Marine,2025-11-27,3623.57,45,2026-01-11,2026-02-07,Yes
INV10103,Grand Hotels,2025-11-30,5414.14,30,2025-12-30,2026-01-25,Yes
INV10277,Evergreen Tech,2025-11-30,5760.33,30,2025-12-30,2025-12-25,No
